Workbook

Sheet README
A1: Seafields Estate — Lot Allocation Master
A2: Working document for launch admin and lot-level allocations
A4: PURPOSE
A6: This workbook is the single source of truth for lot-level data driving the Seafields launch.
A8: It serves three audiences:
A9: • Uwe — fills in the knowledge in his head: which lots go to whom, what dwelling type, what price.
A10: • Tanveer — uses as the admin reference when allocating lots on the live website.
A11: • The website — the Lot_Allocation_Master sheet exports directly to the site data layer.
A13: If a field is wrong here, it will be wrong on the site. Treat this as the authoritative record.
A16: COLOUR CODING
A18: Yellow fill, blue text | B18: Input field — Uwe to fill
A19: Pink fill, red bold text | B19: CRITICAL input — must be answered before launch
A20: Grey fill | B20: Derived / locked — do not edit (calculated or set elsewhere)
A21: White, black text | B21: Formula cell — recalculates automatically
A24: INSTRUCTIONS FOR UWE
A26: 1. Open the "Lot_Allocation_Master" sheet. Yellow cells are yours to complete.
A27: 2. Pink cells are the priority — these block the website launch if unanswered.
A28: 3. The pre-filled lot numbers, sizes, and stage assignments are pulled from the V6 lot register
A29: and the current website staging. If you see something wrong, flag it in the "Notes" column.
A30: 4. For each lot, tell us:
A31: (a) WHO it is allocated to (GROH / Baurimus / Takken / Public / Withheld)
A32: (b) WHAT goes on it — bare land only, or a specific dwelling from the Dwelling_Types catalogue
A33: (c) WHICH STAGE it sits in (confirm or correct the pre-fill)
A34: (d) Any wholesale/institutional price override for non-public allocations
A35: 5. Open the "Stage_Pricing_Ladder" sheet and set the per-m² rate for each stage.
A36: 6. Open the "Dwelling_Types" sheet and add any house plans we should be marketing.
... A48: 4. Log all changes in the Audit_Log sheet (date, lot, change, reason, who).

Sheet Lot_Allocation_Master
A1: LOT ALLOCATION MASTER — one row per lot. Yellow = Uwe input. Pink = priority. Grey = derived.
A2: Lot # | B2: Area (m²) | C2: Category | D2: Zone / Block | E2: Stage | F2: Status | G2: Allocated To | H2: Dwelling Type | I2: Land Only? (Y/N) | J2: Land $/m² Override | K2: Calc Land $ | L2: House $ (if H&L) | M2: Total H&L $ | N2: Display Price? | O2: Public Label | P2: Notes / Uwe Comments
A3: 332 | B3: 690 | C3: Large | D3: Pepper Gate West / SW Block | E3: Stage 1 | F3: Available | G3: Public | I3: Y | K3: =IFERROR(B3*IF(J3<>"",J3,VLOOKUP(E3,Stage_Pricing_Ladder!$A$4:$C$10,3,FALSE())),"") -> 172500 | M3: =IFERROR(K3+IF(L3="",0,L3),"") -> 172500 | N3: Y
A4: 333 | B4: 680 | C4: Standard | D4: Pepper Gate West / SW Block | E4: Stage 1 | F4: Available | G4: Public | I4: Y | K4: =IFERROR(B4*IF(J4<>"",J4,VLOOKUP(E4,Stage_Pricing_Ladder!$A$4:$C$10,3,FALSE())),"") -> 170000 | M4: =IFERROR(K4+IF(L4="",0,L4),"") -> 170000 | N4: Y
A5: 334 | B5: 670 | C5: Standard | D5: Pepper Gate West / SW Block | E5: Stage 1 | F5: Available | G5: Public | I5: Y | K5: =IFERROR(B5*IF(J5<>"",J5,VLOOKUP(E5,Stage_Pricing_Ladder!$A$4:$C$10,3,FALSE())),"") -> 167500 | M5: =IFERROR(K5+IF(L5="",0,L5),"") -> 167500 | N5: Y
A6: 335 | B6: 660 | C6: Standard | D6: Pepper Gate West / SW Block | E6: Stage 1 | F6: Available | G6: Public | I6: Y | K6: =IFERROR(B6*IF(J6<>"",J6,VLOOKUP(E6,Stage_Pricing_Ladder!$A$4:$C$10,3,FALSE())),"") -> 165000 | M6: =IFERROR(K6+IF(L6="",0,L6),"") -> 165000 | N6: Y
A7: 336 | B7: 650 | C7: Standard | D7: Pepper Gate West / SW Block | E7: Stage 1 | F7: Available | G7: Public | I7: Y | K7: =IFERROR(B7*IF(J7<>"",J7,VLOOKUP(E7,Stage_Pricing_Ladder!$A$4:$C$10,3,FALSE())),"") -> 162500 | M7: =IFERROR(K7+IF(L7="",0,L7),"") -> 162500 | N7: Y
A8: 337 | B8: 640 | C8: Standard | D8: Pepper Gate West / SW Block | E8: Stage 1 | F8: Available | G8: Public | I8: Y | K8: =IFERROR(B8*IF(J8<>"",J8,VLOOKUP(E8,Stage_Pricing_Ladder!$A$4:$C$10,3,FALSE())),"") -> 160000 | M8: =IFERROR(K8+IF(L8="",0,L8),"") -> 160000 | N8: Y
A9: 338 | B9: 630 | C9: Standard | D9: Pepper Gate West / SW Block | E9: Stage 1 | F9: Available | G9: Public | I9: Y | K9: =IFERROR(B9*IF(J9<>"",J9,VLOOKUP(E9,Stage_Pricing_Ladder!$A$4:$C$10,3,FALSE())),"") -> 157500 | M9: =IFERROR(K9+IF(L9="",0,L9),"") -> 157500 | N9: Y
A10: 339 | B10: 620 | C10: Standard | D10: Pepper Gate West / SW Block | E10: Stage 1 | F10: Available | G10: Public | I10: Y | K10: =IFERROR(B10*IF(J10<>"",J10,VLOOKUP(E10,Stage_Pricing_Ladder!$A$4:$C$10,3,FALSE())),"") -> 155000 | M10: =IFERROR(K10+IF(L10="",0,L10),"") -> 155000 | N10: Y
A11: 340 | B11: 610 | C11: Standard | D11: Pepper Gate West / SW Block | E11: Stage 1 | F11: Available | G11: Public | I11: Y | K11: =IFERROR(B11*IF(J11<>"",J11,VLOOKUP(E11,Stage_Pricing_Ladder!$A$4:$C$10,3,FALSE())),"") -> 152500 | M11: =IFERROR(K11+IF(L11="",0,L11),"") -> 152500 | N11: Y
A12: 341 | B12: 600 | C12: Standard | D12: Pepper Gate West / SW Block | E12: Stage 1 | F12: Available | G12: Public | I12: Y | K12: =IFERROR(B12*IF(J12<>"",J12,VLOOKUP(E12,Stage_Pricing_Ladder!$A$4:$C$10,3,FALSE())),"") -> 150000 | M12: =IFERROR(K12+IF(L12="",0,L12),"") -> 150000 | N12: Y
A13: 342 | B13: 590 | C13: Standard | D13: Pepper Gate West / SW Block | E13: Stage 1 | F13: Available | G13: Public | I13: Y | K13: =IFERROR(B13*IF(J13<>"",J13,VLOOKUP(E13,Stage_Pricing_Ladder!$A$4:$C$10,3,FALSE())),"") -> 147500 | M13: =IFERROR(K13+IF(L13="",0,L13),"") -> 147500 | N13: Y
A14: 343 | B14: 580 | C14: Standard | D14: Pepper Gate West / SW Block | E14: Stage 1 | F14: Available | G14: Public | I14: Y | K14: =IFERROR(B14*IF(J14<>"",J14,VLOOKUP(E14,Stage_Pricing_Ladder!$A$4:$C$10,3,FALSE())),"") -> 145000 | M14: =IFERROR(K14+IF(L14="",0,L14),"") -> 145000 | N14: Y
... A144: 424 | B144: 820 | C144: Large | D144: NW Premium | E144: Stage 7 | F144: Available | G144: Public | I144: Y | K144: =IFERROR(B144*IF(J144<>"",J144,VLOOKUP(E144,Stage_Pricing_Ladder!$A$4:$C$10,3,FALSE())),"") -> 278800 | M144: =IFERROR(K144+IF(L144="",0,L144),"") -> 278800 | N144: Y
A146: TOTALS | B146: =SUM(B3:B144) -> 95842 | K146: =SUM(K3:K144) -> 28863955 | M146: =SUM(M3:M144) -> 28863955

Sheet Stage_Pricing_Ladder
A1: STAGE PRICING LADDER — Uwe to set entry rate and per-stage escalation | H1: Stage 1 entry rate $/m²: | I1: 250
A2: Per-m² rates rise with each stage to create price-escalation FOMO. Land $ = Area × Rate. | H2: Step per stage $/m²: | I2: 15
A3: Stage | B3: Stage Label | C3: Land $/m² (retail) | D3: Escalation vs Stage 1 | E3: Sample 600m² lot | F3: Notes | H3: ↑ Uwe sets these two cells; the table below recalculates
A4: Stage 1 | B4: SW Block — Launch | C4: =$I$1+$I$2*0 -> 250 | D4: =IFERROR(C4/$C$4-1,"") -> 0 | E4: =C4*600 -> 150000
A5: Stage 2 | B5: Central Heritage | C5: =$I$1+$I$2*1 -> 265 | D5: =IFERROR(C5/$C$4-1,"") -> 0.06 | E5: =C5*600 -> 159000
A6: Stage 3 | B6: Central | C6: =$I$1+$I$2*2 -> 280 | D6: =IFERROR(C6/$C$4-1,"") -> 0.12 | E6: =C6*600 -> 168000
A7: Stage 4 | B7: East | C7: =$I$1+$I$2*3 -> 295 | D7: =IFERROR(C7/$C$4-1,"") -> 0.18 | E7: =C7*600 -> 177000
A8: Stage 5 | B8: North | C8: =$I$1+$I$2*4 -> 310 | D8: =IFERROR(C8/$C$4-1,"") -> 0.24 | E8: =C8*600 -> 186000
A9: Stage 6 | B9: Central Upper | C9: =$I$1+$I$2*5 -> 325 | D9: =IFERROR(C9/$C$4-1,"") -> 0.3 | E9: =C9*600 -> 195000
A10: Stage 7 | B10: NW Premium | C10: =$I$1+$I$2*6 -> 340 | D10: =IFERROR(C10/$C$4-1,"") -> 0.36 | E10: =C10*600 -> 204000
A13: PRICING DECISIONS UWE NEEDS TO MAKE
A15: 1. Stage 1 entry rate ($/m²) — set in cell I1. Sanity check against current Geraldton comparables.
A16: 2. Step per stage ($/m²) — set in cell I2. e.g. $15/m² creates a $9,000 step on a 600m² lot.
A17: 3. Decide whether to override individual stage rates manually (column C can be hardcoded if not uniform).
A18: 4. Decide if existing piecewise model (floor $120K ≤450m², +$90/m² 450–600, +$50/m² 600–800, +$25/m² >800)
A19: still applies WITHIN each stage, or whether stage rate fully replaces it.
A20: 5. Institutional allocations (GROH/Baurimus/Takken) — set per-lot override in Lot_Allocation_Master col J.

Sheet Offtaker_Summary
A1: OFFTAKER SUMMARY — auto-updates from Lot_Allocation_Master
A2: A live count of allocations as Uwe fills in the Master sheet. Shows who has what at a glance.
A3: Allocated To | B3: Target | C3: Allocated | D3: Outstanding | E3: Total Land $ | F3: Total H&L $
A4: GROH | B4: 14 | C4: =COUNTIF(Lot_Allocation_Master!$G$3:$G$144,A4) -> 0 | D4: =B4-C4 -> 14 | E4: =SUMIF(Lot_Allocation_Master!$G$3:$G$144,A4,Lot_Allocation_Master!$K$3:$K$144) -> 0 | F4: =SUMIF(Lot_Allocation_Master!$G$3:$G$144,A4,Lot_Allocation_Master!$M$3:$M$144) -> 0
A5: Baurimus | B5: 5 | C5: =COUNTIF(Lot_Allocation_Master!$G$3:$G$144,A5) -> 0 | D5: =B5-C5 -> 5 | E5: =SUMIF(Lot_Allocation_Master!$G$3:$G$144,A5,Lot_Allocation_Master!$K$3:$K$144) -> 0 | F5: =SUMIF(Lot_Allocation_Master!$G$3:$G$144,A5,Lot_Allocation_Master!$M$3:$M$144) -> 0
A6: Takken | B6: 10 | C6: =COUNTIF(Lot_Allocation_Master!$G$3:$G$144,A6) -> 0 | D6: =B6-C6 -> 10 | E6: =SUMIF(Lot_Allocation_Master!$G$3:$G$144,A6,Lot_Allocation_Master!$K$3:$K$144) -> 0 | F6: =SUMIF(Lot_Allocation_Master!$G$3:$G$144,A6,Lot_Allocation_Master!$M$3:$M$144) -> 0
A7: WACHS | B7: 0 | C7: =COUNTIF(Lot_Allocation_Master!$G$3:$G$144,A7) -> 0 | D7: =B7-C7 -> 0 | E7: =SUMIF(Lot_Allocation_Master!$G$3:$G$144,A7,Lot_Allocation_Master!$K$3:$K$144) -> 0 | F7: =SUMIF(Lot_Allocation_Master!$G$3:$G$144,A7,Lot_Allocation_Master!$M$3:$M$144) -> 0
A8: Public | B8: 0 | C8: =COUNTIF(Lot_Allocation_Master!$G$3:$G$144,A8) -> 142 | D8: =B8-C8 -> -142 | E8: =SUMIF(Lot_Allocation_Master!$G$3:$G$144,A8,Lot_Allocation_Master!$K$3:$K$144) -> 28863955 | F8: =SUMIF(Lot_Allocation_Master!$G$3:$G$144,A8,Lot_Allocation_Master!$M$3:$M$144) -> 28863955
A9: F2K Withheld | B9: 0 | C9: =COUNTIF(Lot_Allocation_Master!$G$3:$G$144,A9) -> 0 | D9: =B9-C9 -> 0 | E9: =SUMIF(Lot_Allocation_Master!$G$3:$G$144,A9,Lot_Allocation_Master!$K$3:$K$144) -> 0 | F9: =SUMIF(Lot_Allocation_Master!$G$3:$G$144,A9,Lot_Allocation_Master!$M$3:$M$144) -> 0
A10: Display Home | B10: 0 | C10: =COUNTIF(Lot_Allocation_Master!$G$3:$G$144,A10) -> 0 | D10: =B10-C10 -> 0 | E10: =SUMIF(Lot_Allocation_Master!$G$3:$G$144,A10,Lot_Allocation_Master!$K$3:$K$144) -> 0 | F10: =SUMIF(Lot_Allocation_Master!$G$3:$G$144,A10,Lot_Allocation_Master!$M$3:$M$144) -> 0
A11: Heritage Retained | B11: 0 | C11: =COUNTIF(Lot_Allocation_Master!$G$3:$G$144,A11) -> 0 | D11: =B11-C11 -> 0 | E11: =SUMIF(Lot_Allocation_Master!$G$3:$G$144,A11,Lot_Allocation_Master!$K$3:$K$144) -> 0 | F11: =SUMIF(Lot_Allocation_Master!$G$3:$G$144,A11,Lot_Allocation_Master!$M$3:$M$144) -> 0
A13: TOTAL | B13: =SUM(B4:B12) -> 29 | C13: =SUM(C4:C12) -> 142 | D13: =SUM(D4:D12) -> -113 | E13: =SUM(E4:E12) -> 28863955 | F13: =SUM(F4:F12) -> 28863955
A15: CRITICAL QUESTIONS — confirm with Uwe before launch
A17: • GROH: target 14 lots. Confirmed by WACHS/GROH? Which specific lots?
A18: • Baurimus: target 5 lots TBC. Confirmed by Michael Baurimus? Which specific lots?
A19: • Takken: target 10 lots. AGREED under Cooperation Agreement, or still Barry pre-commit?
A20: • WACHS: separate from GROH or same allocation? Target count?
A21: • Display home lot — Lot 91 Brownlie referenced in Drive. Inside or outside this development?
A22: • Heritage Lot 323 — retained for what use? Display? Sale at Premium pricing?

Sheet Dwelling_Types
A1: DWELLING TYPES — house plans available for H&L packages
A2: Uwe / Tanveer to populate with the house plans on offer. Master sheet references the "Code" column.
A3: Code | B3: Plan Name | C3: Bedrooms | D3: Bathrooms | E3: Floor Area (m²) | F3: Build Cost $ | G3: Notes / Use Case
A4: GROH-3B | B4: GROH 3-bedroom standard | C4: 3 | D4: 2 | E4: 142 | F4: 380000 | G4: Standard GROH allocation
A5: GROH-4B | B5: GROH 4-bedroom family | C5: 4 | D5: 2 | E5: 168 | F5: 425000 | G5: Family GROH allocation
A6: BAU-3B | B6: Baurimus 3-bed | C6: 3 | D6: 2 | E6: 140 | F6: 0 | G6: Baurimus build — cost TBC
A7: DISP-4B | B7: Display home — 4-bed Hero | C7: 4 | D7: 2 | E7: 185 | F7: 480000 | G7: Display, hero marketing piece
A8: PUB-3B | B8: Public H&L — 3-bed | C8: 3 | D8: 2 | E8: 140 | F8: 365000 | G8: Open market H&L offering
A9: PUB-4B | B9: Public H&L — 4-bed | C9: 4 | D9: 2 | E9: 170 | F9: 420000 | G9: Open market H&L offering

Sheet Audit_Log
A1: AUDIT LOG — record every change to the Master sheet
A2: Tanveer: log each change you make so Dennis and Uwe can trace allocations.
A3: Date / Time | B3: Lot # | C3: Field Changed | D3: Old Value | E3: New Value | F3: Reason | G3: Changed By
